{
  "site_id": 6,
  "timestamp": "20251209_110313",
  "n_features": 58,
  "features": [
    "year",
    "month",
    "day",
    "hour",
    "O3_forecast",
    "NO2_forecast",
    "T_forecast",
    "q_forecast",
    "u_forecast",
    "v_forecast",
    "w_forecast",
    "blh_forecast",
    "NO2_forecast_per_blh",
    "O3_forecast_per_blh",
    "blh_delta_1h",
    "blh_rel_change",
    "sin_hour",
    "cos_hour",
    "wind_speed",
    "wind_dir_deg",
    "wind_sector",
    "SZA_deg",
    "cosSZA",
    "solar_elevation",
    "sunset_flag",
    "solar_declination_deg",
    "hour_angle_deg",
    "solar_time_hr",
    "EoT_min",
    "NO2_target_lag1",
    "NO2_target_lag2",
    "NO2_target_lag3",
    "NO2_target_lag6",
    "NO2_target_lag12",
    "O3_target_lag1",
    "O3_target_lag2",
    "O3_target_lag3",
    "O3_target_lag6",
    "O3_target_lag12",
    "NO2_roll3",
    "NO2_roll6",
    "NO2_roll12",
    "O3_roll3",
    "O3_roll6",
    "O3_roll12",
    "temp_roll3",
    "rh_roll3",
    "ws_roll3",
    "NO2_satellite_filled_smooth",
    "HCHO_satellite_filled_smooth",
    "ratio_satellite_smooth",
    "dayofweek",
    "season",
    "is_weekend",
    "hour_sin",
    "hour_cos",
    "month_sin",
    "month_cos"
  ],
  "O3_metrics": {
    "train_rmse": 1.3750284965712336,
    "train_mae": 0.9281765573199656,
    "train_bias": -0.0025050168357438145,
    "train_r2": 0.9972845608838938,
    "val_rmse": 2.699534998262297,
    "val_mae": 1.3699375338224387,
    "val_bias": -0.012239631100975295,
    "val_r2": 0.9893986872452337,
    "best_iteration": 300,
    "training_history": {
      "iterations": [
        1,
        6,
        11,
        16,
        21,
        26,
        31,
        36,
        41,
        46,
        51,
        56,
        61,
        66,
        71,
        76,
        81,
        86,
        91,
        96,
        101,
        106,
        111,
        116,
        121,
        126,
        131,
        136,
        141,
        146,
        151,
        156,
        161,
        166,
        171,
        176,
        181,
        186,
        191,
        196,
        201,
        206,
        211,
        216,
        221,
        226,
        231,
        236,
        241,
        246,
        251,
        256,
        261,
        266,
        271,
        276,
        281,
        286,
        291,
        296
      ],
      "train_rmse": [
        23.998325751735234,
        15.483477243653297,
        10.890248796043178,
        7.961967697539099,
        6.498863839995275,
        5.591567795184124,
        4.994668095354403,
        4.563134757112598,
        4.25342530532266,
        4.015526035424396,
        3.7968586573081953,
        3.674049412679046,
        3.5273365600858257,
        3.4029745983602804,
        3.2913902461440827,
        3.2083515273261844,
        3.0997783526014504,
        3.018638416298721,
        2.94815155662982,
        2.871354193483305,
        2.8110940110075995,
        2.7469763598895005,
        2.6610090614764177,
        2.5972232615977053,
        2.5407245271188987,
        2.4751009135026165,
        2.423371233213517,
        2.3822171423009886,
        2.335623354345234,
        2.2836536741957953,
        2.2318375896658043,
        2.1878826086918983,
        2.1422948918194638,
        2.1072260081979266,
        2.066913752015492,
        2.02485797533257,
        1.9792373757696171,
        1.9377109407384634,
        1.9021865642211715,
        1.8648139114135236,
        1.829340805029218,
        1.8035005901426102,
        1.7719381416616644,
        1.7395863070417377,
        1.716423192728338,
        1.6844057333391367,
        1.655704323323026,
        1.6300491893511073,
        1.6060206381389925,
        1.5819872434122588,
        1.5567919338778664,
        1.5390035550225114,
        1.5193244754303155,
        1.4977010379934463,
        1.4818578731863856,
        1.4669020600560576,
        1.4435845053907164,
        1.4291747092647198,
        1.4087671758559839,
        1.3910211112722135
      ],
      "train_r2": [
        0.17286088184331272,
        0.6556868000382223,
        0.8296695571306836,
        0.908954707636159,
        0.9393415165240888,
        0.9550961206768238,
        0.9641713916204373,
        0.9700950375708898,
        0.9740167008552911,
        0.976841972545671,
        0.9792954625352693,
        0.9806131764282837,
        0.9821305793713222,
        0.9833683978750002,
        0.984441224014677,
        0.9852163876936718,
        0.9862000359712696,
        0.986913037385504,
        0.9875170772282602,
        0.9881589501911613,
        0.9886507434829765,
        0.989162564738052,
        0.9898302710218375,
        0.990311975239391,
        0.9907288878955216,
        0.9912016244958547,
        0.9915655538691198,
        0.9918495917431206,
        0.9921653014573636,
        0.9925100803932116,
        0.9928461167528215,
        0.9931251266087187,
        0.9934086378045237,
        0.9936226697418985,
        0.993864338641038,
        0.9941114847215623,
        0.9943738353276733,
        0.9946074441084246,
        0.9948033568891949,
        0.9950055499625462,
        0.9951937548832244,
        0.9953285764068437,
        0.9954906516565177,
        0.9956538107496015,
        0.9957687818135503,
        0.9959251643761574,
        0.9960628474908828,
        0.9961839145352563,
        0.9962955911247591,
        0.9964056312758719,
        0.9965192100385871,
        0.9965983007179133,
        0.9966847388791431,
        0.9967784347364206,
        0.9968462317539022,
        0.9969095700125611,
        0.9970070387352722,
        0.9970664917299297,
        0.9971496701537026,
        0.9972210283595961
      ],
      "val_rmse": [
        23.839595322156917,
        15.232688194347217,
        10.971620528784758,
        8.10732999650949,
        6.7380533651530925,
        5.939415380383845,
        5.4355334417319465,
        5.014271131545765,
        4.76356291704073,
        4.542070447006299,
        4.313595568768117,
        4.191006619278759,
        4.058797930926289,
        3.9511587777599675,
        3.894702380231258,
        3.837573719692976,
        3.7459274882716755,
        3.6879765958769792,
        3.646822435066637,
        3.604299404192188,
        3.560033862817408,
        3.511270783419043,
        3.469088213198543,
        3.429125564279763,
        3.398508175043736,
        3.349558425691535,
        3.3176202032644806,
        3.3033909556836605,
        3.2718524195490217,
        3.244273166278323,
        3.1989066891517246,
        3.1701908179630283,
        3.1538728130016658,
        3.132421721552651,
        3.0954299395364924,
        3.060679868144248,
        3.0269215804963663,
        2.995533416401987,
        2.9817250283670966,
        2.9650002217750373,
        2.942542807622119,
        2.9390108563303077,
        2.9167517473505518,
        2.892860397938689,
        2.8831470382498634,
        2.866468795259077,
        2.8577878184846215,
        2.833611750110354,
        2.8212517020924515,
        2.8106106245952382,
        2.7908894957742754,
        2.7853074632296377,
        2.7794812777572067,
        2.7728115625671323,
        2.7646545680752572,
        2.754651144793132,
        2.7353363582061703,
        2.7278094956438967,
        2.7145975726570737,
        2.7084634411204225
      ],