{
  "site_id": 5,
  "timestamp": "20251209_110313",
  "n_features": 58,
  "features": [
    "year",
    "month",
    "day",
    "hour",
    "O3_forecast",
    "NO2_forecast",
    "T_forecast",
    "q_forecast",
    "u_forecast",
    "v_forecast",
    "w_forecast",
    "blh_forecast",
    "NO2_forecast_per_blh",
    "O3_forecast_per_blh",
    "blh_delta_1h",
    "blh_rel_change",
    "sin_hour",
    "cos_hour",
    "wind_speed",
    "wind_dir_deg",
    "wind_sector",
    "SZA_deg",
    "cosSZA",
    "solar_elevation",
    "sunset_flag",
    "solar_declination_deg",
    "hour_angle_deg",
    "solar_time_hr",
    "EoT_min",
    "NO2_target_lag1",
    "NO2_target_lag2",
    "NO2_target_lag3",
    "NO2_target_lag6",
    "NO2_target_lag12",
    "O3_target_lag1",
    "O3_target_lag2",
    "O3_target_lag3",
    "O3_target_lag6",
    "O3_target_lag12",
    "NO2_roll3",
    "NO2_roll6",
    "NO2_roll12",
    "O3_roll3",
    "O3_roll6",
    "O3_roll12",
    "temp_roll3",
    "rh_roll3",
    "ws_roll3",
    "NO2_satellite_filled_smooth",
    "HCHO_satellite_filled_smooth",
    "ratio_satellite_smooth",
    "dayofweek",
    "season",
    "is_weekend",
    "hour_sin",
    "hour_cos",
    "month_sin",
    "month_cos"
  ],
  "O3_metrics": {
    "train_rmse": 1.6361714773714429,
    "train_mae": 1.1710993420092441,
    "train_bias": 4.7030235992455336e-05,
    "train_r2": 0.9974166214966073,
    "val_rmse": 2.875091442329971,
    "val_mae": 1.5260633757997444,
    "val_bias": 0.22552837136498205,
    "val_r2": 0.9913061901590592,
    "best_iteration": 300,
    "training_history": {
      "iterations": [
        1,
        6,
        11,
        16,
        21,
        26,
        31,
        36,
        41,
        46,
        51,
        56,
        61,
        66,
        71,
        76,
        81,
        86,
        91,
        96,
        101,
        106,
        111,
        116,
        121,
        126,
        131,
        136,
        141,
        146,
        151,
        156,
        161,
        166,
        171,
        176,
        181,
        186,
        191,
        196,
        201,
        206,
        211,
        216,
        221,
        226,
        231,
        236,
        241,
        246,
        251,
        256,
        261,
        266,
        271,
        276,
        281,
        286,
        291,
        296
      ],
      "train_rmse": [
        29.232296597065993,
        18.523604640362976,
        12.746762490767123,
        9.084699232753634,
        7.28861999984107,
        6.18278864867502,
        5.554213861776073,
        5.149147798632838,
        4.853336714489268,
        4.613868019002188,
        4.373351016788284,
        4.2676427289958845,
        4.144960723909493,
        3.9966028037972188,
        3.897032199485661,
        3.773337409861086,
        3.673450176982498,
        3.572588047279866,
        3.4911966586676457,
        3.4089994914798663,
        3.340208354808963,
        3.2717323046870375,
        3.2024418294521206,
        3.138187567351259,
        3.061819666194689,
        2.9777873959608776,
        2.9319084055528175,
        2.8829129657326873,
        2.8325596363336865,
        2.7758921366108673,
        2.7125688831738657,
        2.647829399069233,
        2.599769988391692,
        2.5494834818063863,
        2.4993310707793284,
        2.4447703374788134,
        2.407350891033021,
        2.3595496150115545,
        2.307899886595721,
        2.2586257572049684,
        2.2192642232048785,
        2.1889555019825173,
        2.1439251255305045,
        2.095799244278982,
        2.0658540510425984,
        2.036830079517966,
        2.0026961571240194,
        1.9655217642982896,
        1.9310295568690632,
        1.9021812129533522,
        1.8699684392544298,
        1.8521105986140154,
        1.8295097688278532,
        1.8048657413474822,
        1.781954917552996,
        1.7551948001588764,
        1.7260633436898312,
        1.7069080794662441,
        1.6813217483533707,
        1.6542607721353328
      ],
      "train_r2": [
        0.1753754134926101,
        0.6688830504455878,
        0.8432057277156534,
        0.9203562842384958,
        0.9487349927445826,
        0.9631108024450471,
        0.9702302215660924,
        0.9744140750334369,
        0.9772693815541139,
        0.979457147831815,
        0.9815430864041308,
        0.9824245474726492,
        0.9834205069983186,
        0.984586105440964,
        0.9853445757599678,
        0.9862601595694336,
        0.9869779693223044,
        0.9876832454127865,
        0.9882380580165865,
        0.9887853873110304,
        0.9892334261825292,
        0.9896703422889188,
        0.9901032430234288,
        0.9904963988503944,
        0.9909533117901935,
        0.9914430739047528,
        0.9917047170644552,
        0.9919796472624814,
        0.9922573695573925,
        0.9925640650880709,
        0.9928994505325136,
        0.9932343363072565,
        0.9934777076958731,
        0.9937275846151192,
        0.9939719342202088,
        0.9942322484895539,
        0.994407458698682,
        0.9946273489541417,
        0.9948599855726463,
        0.9950771232893849,
        0.9952472121378038,
        0.9953761442961916,
        0.9955644279893117,
        0.9957613284466793,
        0.9958815890623547,
        0.9959964984015528,
        0.9961295582536385,
        0.9962719122960894,
        0.9964016098532399,
        0.9965083220334354,
        0.9966255813725449,
        0.9966897237333708,
        0.9967700197118611,
        0.9968564511796187,
        0.9969357525649328,
        0.997027094848194,
        0.9971249601710566,
        0.9971884185160712,
        0.997272077249185,
        0.9973591827446306
      ],
      "val_rmse": [
        28.820976186765645,
        18.267500145376562,
        12.740705599336703,
        9.085832859618046,
        7.377878248211434,
        6.313614779606117,
        5.771290876996234,
        5.422666067759411,
        5.183733159549437,
        4.964540757402179,
        4.7276351650783015,
        4.6640996446535175,
        4.577038937871528,
        4.463703933848592,
        4.399823406537983,
        4.315701410323861,
        4.2412434862635,
        4.179816247368086,
        4.102787949392708,
        4.04888005129531,
        3.9985846633756887,
        3.951777660157315,
        3.9042044642899163,
        3.8718335715050793,
        3.821708549440683,
        3.764133785534422,
        3.7370808436343323,
        3.7040162479400998,
        3.6626622692874564,
        3.6315859944060525,
        3.5925974468278166,
        3.5583504550419778,
        3.5174425546363475,
        3.479919720981665,
        3.4485520294050187,
        3.416448772674502,
        3.387998755248065,
        3.3610913015653225,
        3.327808018350537,
        3.2885381958376443,
        3.2480079111639912,
        3.2335946948899332,
        3.198815207309348,
        3.1696582878248125,
        3.1548629918892104,
        3.1341344090085945,
        3.1126276418726704,
        3.0831518927204393,
        3.0653339253790093,
        3.040855417017093,
        3.0205742024103897,
        3.0125169188061114,
        2.999690090510922,
        2.9870413584961537,
        2.975372049680477,
        2.960836070960044,
        2.942343331871824,
        2.9289242545240612,
        2.906473058764154,
        2.885219511788535
      ],