{
  "site_id": 7,
  "timestamp": "20251209_110313",
  "n_features": 58,
  "features": [
    "year",
    "month",
    "day",
    "hour",
    "O3_forecast",
    "NO2_forecast",
    "T_forecast",
    "q_forecast",
    "u_forecast",
    "v_forecast",
    "w_forecast",
    "blh_forecast",
    "NO2_forecast_per_blh",
    "O3_forecast_per_blh",
    "blh_delta_1h",
    "blh_rel_change",
    "sin_hour",
    "cos_hour",
    "wind_speed",
    "wind_dir_deg",
    "wind_sector",
    "SZA_deg",
    "cosSZA",
    "solar_elevation",
    "sunset_flag",
    "solar_declination_deg",
    "hour_angle_deg",
    "solar_time_hr",
    "EoT_min",
    "NO2_target_lag1",
    "NO2_target_lag2",
    "NO2_target_lag3",
    "NO2_target_lag6",
    "NO2_target_lag12",
    "O3_target_lag1",
    "O3_target_lag2",
    "O3_target_lag3",
    "O3_target_lag6",
    "O3_target_lag12",
    "NO2_roll3",
    "NO2_roll6",
    "NO2_roll12",
    "O3_roll3",
    "O3_roll6",
    "O3_roll12",
    "temp_roll3",
    "rh_roll3",
    "ws_roll3",
    "NO2_satellite_filled_smooth",
    "HCHO_satellite_filled_smooth",
    "ratio_satellite_smooth",
    "dayofweek",
    "season",
    "is_weekend",
    "hour_sin",
    "hour_cos",
    "month_sin",
    "month_cos"
  ],
  "O3_metrics": {
    "train_rmse": 1.83266279608141,
    "train_mae": 1.3238935333774233,
    "train_bias": -0.00139797063507489,
    "train_r2": 0.9975563427579576,
    "val_rmse": 4.393005320901452,
    "val_mae": 2.1745351353360385,
    "val_bias": 0.3544396471734939,
    "val_r2": 0.9881857482582336,
    "best_iteration": 300,
    "training_history": {
      "iterations": [
        1,
        6,
        11,
        16,
        21,
        26,
        31,
        36,
        41,
        46,
        51,
        56,
        61,
        66,
        71,
        76,
        81,
        86,
        91,
        96,
        101,
        106,
        111,
        116,
        121,
        126,
        131,
        136,
        141,
        146,
        151,
        156,
        161,
        166,
        171,
        176,
        181,
        186,
        191,
        196,
        201,
        206,
        211,
        216,
        221,
        226,
        231,
        236,
        241,
        246,
        251,
        256,
        261,
        266,
        271,
        276,
        281,
        286,
        291,
        296
      ],
      "train_rmse": [
        33.660875896791296,
        21.36385066332765,
        14.754376707305548,
        10.582694227623694,
        8.559610855121546,
        7.321453036007117,
        6.568379499376092,
        6.039507558606942,
        5.687804709187943,
        5.395262536999866,
        5.095749545942954,
        4.948774076336251,
        4.74663951054036,
        4.602462503107242,
        4.482898056380268,
        4.339754555063447,
        4.209571049183497,
        4.0634545401757345,
        3.9836796829402767,
        3.88714168344609,
        3.8098315376553944,
        3.7057640942503207,
        3.5898432329182404,
        3.5035310649961073,
        3.4154913336023403,
        3.3284084100784326,
        3.2746379048387966,
        3.206496619545488,
        3.1363272644045783,
        3.080626654115025,
        3.017569772205848,
        2.959813268949127,
        2.8951420513739343,
        2.8390898220192886,
        2.788170169003912,
        2.738883299823557,
        2.6664159410217563,
        2.608457727459033,
        2.554937602932347,
        2.516022908938611,
        2.4590452281292783,
        2.4263613145903307,
        2.3713518044529156,
        2.3336049849408522,
        2.298104610377775,
        2.268031298346502,
        2.2281532227322995,
        2.1890095754511956,
        2.148827527147475,
        2.1108481163619386,
        2.0750044177774924,
        2.0538256576871916,
        2.025379126138069,
        1.9964890544269225,
        1.9760504509093635,
        1.9527667546998864,
        1.9188346833484213,
        1.8994734067659835,
        1.8757920020583336,
        1.8511674253298553
      ],
      "train_r2": [
        0.1756227693924618,
        0.6679264922324454,
        0.8416139609732365,
        0.9185168783508433,
        0.9466931273733645,
        0.960999540442732,
        0.9686099768069193,
        0.9734613870254784,
        0.9764622733129604,
        0.9788212498038331,
        0.9811074181858815,
        0.9821815296790963,
        0.9836074067606231,
        0.9845881178098577,
        0.9853784676841051,
        0.9862973205580082,
        0.9871070929823592,
        0.9879865990053482,
        0.988453669511083,
        0.9890065019436621,
        0.9894394458491976,
        0.9900084998139551,
        0.9906238158207814,
        0.9910692669505037,
        0.9915124657834233,
        0.9919397523789116,
        0.9921980757047275,
        0.9925193947882944,
        0.9928432160055084,
        0.9930951650783885,
        0.9933749401808084,
        0.9936261213870478,
        0.9939016138904777,
        0.9941354670831554,
        0.994343943809674,
        0.9945421421713648,
        0.9948271372348406,
        0.995049571769866,
        0.9952506326853134,
        0.9953942077468451,
        0.9956004506264461,
        0.9957166248892646,
        0.9959086452210971,
        0.9960378596958143,
        0.9961574922622602,
        0.9962574014106242,
        0.9963878542335289,
        0.9965136540066682,
        0.9966404718820827,
        0.9967581782384319,
        0.9968673403439048,
        0.9969309616679398,
        0.9970153884024782,
        0.9970999263335073,
        0.9971590000924497,
        0.997225556352507,
        0.9973211383663947,
        0.9973749257128586,
        0.9974399731382034,
        0.9975067457865754
      ],
      "val_rmse": [
        36.83524965166632,
        23.4238430762543,
        16.36473445801115,
        11.87682808872081,
        9.631426153415413,
        8.360376012354498,
        7.7523685036146475,
        7.366200787106616,
        7.074693994414716,
        6.836227160550549,
        6.489177618962796,
        6.329990949766227,
        6.151896911452002,
        6.017636484215449,
        5.9391917224728346,
        5.837370430700828,
        5.701008672974433,
        5.640156475194724,
        5.582779095637167,
        5.519987537861272,
        5.46694053526429,
        5.410085446318754,
        5.3186201631260595,
        5.290986047311036,
        5.250653586039659,
        5.173392527529167,
        5.136758699122771,
        5.114805711575922,
        5.0573251383801,
        5.040586695993039,
        5.0005400383975385,
        4.969481905727325,
        4.919835068540359,
        4.8940045750260355,
        4.8702039238037464,
        4.842009739131141,
        4.804599868854554,
        4.780953436072469,
        4.750344756185215,
        4.710063110816148,
        4.681413890986962,
        4.652827049645189,
        4.629524696133806,
        4.6102404088476625,
        4.6006601036870425,
        4.5989819187614,
        4.578866753860787,
        4.532092256330254,
        4.516048203284571,
        4.50062912559041,
        4.488508708725356,
        4.480173222157363,
        4.4721644572387715,
        4.457247407690049,
        4.450673020049939,
        4.443322133116894,
        4.430200746164042,
        4.419685136138067,
        4.408039967281228,
        4.402208919835594
      ],