{
  "site_id": 2,
  "timestamp": "20251209_110313",
  "n_features": 58,
  "features": [
    "year",
    "month",
    "day",
    "hour",
    "O3_forecast",
    "NO2_forecast",
    "T_forecast",
    "q_forecast",
    "u_forecast",
    "v_forecast",
    "w_forecast",
    "blh_forecast",
    "NO2_forecast_per_blh",
    "O3_forecast_per_blh",
    "blh_delta_1h",
    "blh_rel_change",
    "sin_hour",
    "cos_hour",
    "wind_speed",
    "wind_dir_deg",
    "wind_sector",
    "SZA_deg",
    "cosSZA",
    "solar_elevation",
    "sunset_flag",
    "solar_declination_deg",
    "hour_angle_deg",
    "solar_time_hr",
    "EoT_min",
    "NO2_target_lag1",
    "NO2_target_lag2",
    "NO2_target_lag3",
    "NO2_target_lag6",
    "NO2_target_lag12",
    "O3_target_lag1",
    "O3_target_lag2",
    "O3_target_lag3",
    "O3_target_lag6",
    "O3_target_lag12",
    "NO2_roll3",
    "NO2_roll6",
    "NO2_roll12",
    "O3_roll3",
    "O3_roll6",
    "O3_roll12",
    "temp_roll3",
    "rh_roll3",
    "ws_roll3",
    "NO2_satellite_filled_smooth",
    "HCHO_satellite_filled_smooth",
    "ratio_satellite_smooth",
    "dayofweek",
    "season",
    "is_weekend",
    "hour_sin",
    "hour_cos",
    "month_sin",
    "month_cos"
  ],
  "O3_metrics": {
    "train_rmse": 1.5203505060103057,
    "train_mae": 1.071193261019883,
    "train_bias": -0.0026151644136114226,
    "train_r2": 0.9974530698175778,
    "val_rmse": 3.6475488999696966,
    "val_mae": 1.574526084529029,
    "val_bias": 0.25916701871585224,
    "val_r2": 0.9863817390932816,
    "best_iteration": 300,
    "training_history": {
      "iterations": [
        1,
        6,
        11,
        16,
        21,
        26,
        31,
        36,
        41,
        46,
        51,
        56,
        61,
        66,
        71,
        76,
        81,
        86,
        91,
        96,
        101,
        106,
        111,
        116,
        121,
        126,
        131,
        136,
        141,
        146,
        151,
        156,
        161,
        166,
        171,
        176,
        181,
        186,
        191,
        196,
        201,
        206,
        211,
        216,
        221,
        226,
        231,
        236,
        241,
        246,
        251,
        256,
        261,
        266,
        271,
        276,
        281,
        286,
        291,
        296
      ],
      "train_rmse": [
        27.350502035182988,
        17.28253364960824,
        11.774973424546246,
        8.355810071586648,
        6.663918642994813,
        5.6560105754260475,
        5.0862456527228845,
        4.712894841988971,
        4.4526105509902205,
        4.246430298930616,
        4.053551512340156,
        3.9536507598117483,
        3.8123546636369205,
        3.7109753413169617,
        3.6001216038106034,
        3.5324832476100156,
        3.425920335744416,
        3.330710909192661,
        3.253741519498028,
        3.1788618503427064,
        3.131227141376509,
        3.0696976639393228,
        2.9887462313065845,
        2.9167671227941905,
        2.8491412446838824,
        2.778522176470797,
        2.723916465689088,
        2.666449279084993,
        2.6227796658690954,
        2.5762525999836905,
        2.5137936505176515,
        2.4624095521994014,
        2.4214480126797957,
        2.3792923092224254,
        2.3350999520501348,
        2.285952604889743,
        2.2305857552233883,
        2.1767911474818744,
        2.130109217895503,
        2.090942295414876,
        2.0549129814291334,
        2.0262555482715046,
        1.983045055337426,
        1.947378661656567,
        1.912193701277663,
        1.8892879543288077,
        1.8509989900114054,
        1.8191471033552913,
        1.7880478605825656,
        1.7652451354734984,
        1.733431258919663,
        1.711642696649533,
        1.6920358552871027,
        1.6629364009743184,
        1.6430127528248715,
        1.619344636631639,
        1.5980398212218805,
        1.5820167172853568,
        1.5590599451494533,
        1.539082325865494
      ],
      "train_r2": [
        0.17574764049440394,
        0.6708874705788892,
        0.8472259945004647,
        0.9230680547624791,
        0.9510684507209234,
        0.964750738736002,
        0.9714947891756295,
        0.9755259922558512,
        0.9781546495477814,
        0.9801309275225387,
        0.9818948975434851,
        0.982776309937804,
        0.9839853966451971,
        0.9848258025402142,
        0.9857188251959716,
        0.9862504078525335,
        0.9870674515556169,
        0.9877762777537481,
        0.988334705902059,
        0.9888654440258555,
        0.989196642703696,
        0.9896170490716426,
        0.990157448926294,
        0.990625823934198,
        0.9910554694146474,
        0.9914933742011879,
        0.9918244465172582,
        0.9921657712539733,
        0.992420279176148,
        0.9926868163401695,
        0.9930371210673343,
        0.9933188662119388,
        0.9935392952749478,
        0.9937622897740935,
        0.9939918530831171,
        0.9942421010644008,
        0.994517641353917,
        0.9947788866807508,
        0.9950004221239028,
        0.9951825891190905,
        0.9953471777091214,
        0.9954760475853106,
        0.9956669394560683,
        0.9958214037717682,
        0.995971036242919,
        0.9960669822601609,
        0.9962247826728335,
        0.9963535922361064,
        0.9964772009320422,
        0.9965664795308773,
        0.9966891245627598,
        0.9967718343145394,
        0.9968453679041624,
        0.9969529409268897,
        0.9970255171940657,
        0.9971105966732653,
        0.997186125081033,
        0.99724227008092,
        0.9973217246641021,
        0.9973899231423056
      ],
      "val_rmse": [
        29.08830219597019,
        18.649534516869643,
        13.02233267662545,
        9.392976136393303,
        7.663826685944926,
        6.637059296055648,
        6.086117581201113,
        5.741876275120676,
        5.5235567565791275,
        5.3752731343330336,
        5.151696125947874,
        5.052521995821485,
        4.953473349643024,
        4.862254084576316,
        4.789420277114218,
        4.690596998839356,
        4.618908630682347,
        4.555070040088166,
        4.535237772010263,
        4.502078788772502,
        4.4709108227924155,
        4.444318551846037,
        4.3860991728649665,
        4.341092196919286,
        4.292331721703595,
        4.240524086237521,
        4.2197321027819665,
        4.1963515898855945,
        4.182967795677093,
        4.150298117147993,
        4.121200406551748,
        4.092895551299319,
        4.070347225727859,
        4.046462412043192,
        4.031339242270179,
        4.0014862919202745,
        3.9647652452757463,
        3.935570673689022,
        3.909319551889083,
        3.879894449525334,
        3.857169424423764,
        3.846733633510929,
        3.8290165023928493,
        3.8101568722112673,
        3.802809184334607,
        3.7822810908668028,
        3.772426959983516,
        3.7600645400473938,
        3.7590370517055773,
        3.744188897918089,
        3.7230879360322433,
        3.717940219129878,
        3.716390322968268,
        3.710194755877656,
        3.7079067544967477,
        3.7031815776299326,
        3.6846811238339923,
        3.6714045507326794,
        3.663530726764828,
        3.6588195240166845
      ],