{
  "site_id": 3,
  "timestamp": "20251209_110313",
  "n_features": 58,
  "features": [
    "year",
    "month",
    "day",
    "hour",
    "O3_forecast",
    "NO2_forecast",
    "T_forecast",
    "q_forecast",
    "u_forecast",
    "v_forecast",
    "w_forecast",
    "blh_forecast",
    "NO2_forecast_per_blh",
    "O3_forecast_per_blh",
    "blh_delta_1h",
    "blh_rel_change",
    "sin_hour",
    "cos_hour",
    "wind_speed",
    "wind_dir_deg",
    "wind_sector",
    "SZA_deg",
    "cosSZA",
    "solar_elevation",
    "sunset_flag",
    "solar_declination_deg",
    "hour_angle_deg",
    "solar_time_hr",
    "EoT_min",
    "NO2_target_lag1",
    "NO2_target_lag2",
    "NO2_target_lag3",
    "NO2_target_lag6",
    "NO2_target_lag12",
    "O3_target_lag1",
    "O3_target_lag2",
    "O3_target_lag3",
    "O3_target_lag6",
    "O3_target_lag12",
    "NO2_roll3",
    "NO2_roll6",
    "NO2_roll12",
    "O3_roll3",
    "O3_roll6",
    "O3_roll12",
    "temp_roll3",
    "rh_roll3",
    "ws_roll3",
    "NO2_satellite_filled_smooth",
    "HCHO_satellite_filled_smooth",
    "ratio_satellite_smooth",
    "dayofweek",
    "season",
    "is_weekend",
    "hour_sin",
    "hour_cos",
    "month_sin",
    "month_cos"
  ],
  "O3_metrics": {
    "train_rmse": 1.9141206442149499,
    "train_mae": 1.3401562893121817,
    "train_bias": 0.0010187628631857753,
    "train_r2": 0.997692212359437,
    "val_rmse": 4.486246522965609,
    "val_mae": 2.251927331296558,
    "val_bias": 0.2563490542916187,
    "val_r2": 0.9891441364343586,
    "best_iteration": 300,
    "training_history": {
      "iterations": [
        1,
        6,
        11,
        16,
        21,
        26,
        31,
        36,
        41,
        46,
        51,
        56,
        61,
        66,
        71,
        76,
        81,
        86,
        91,
        96,
        101,
        106,
        111,
        116,
        121,
        126,
        131,
        136,
        141,
        146,
        151,
        156,
        161,
        166,
        171,
        176,
        181,
        186,
        191,
        196,
        201,
        206,
        211,
        216,
        221,
        226,
        231,
        236,
        241,
        246,
        251,
        256,
        261,
        266,
        271,
        276,
        281,
        286,
        291,
        296
      ],
      "train_rmse": [
        36.163330855110424,
        22.92100718907303,
        15.695318425533982,
        11.077234832016753,
        8.888074119863164,
        7.482446244012761,
        6.712847796770758,
        6.17382575842753,
        5.816408688160857,
        5.505326137747492,
        5.1992419838995705,
        5.066804865395337,
        4.886230275681884,
        4.740187760315022,
        4.617364585721019,
        4.479099011389949,
        4.344351411053158,
        4.258624337429512,
        4.160325934778487,
        4.044332303311827,
        3.958388748842105,
        3.8473879821989265,
        3.735496163527035,
        3.649918611957172,
        3.5717352208334066,
        3.4772517074212472,
        3.4220190018333496,
        3.354344521218781,
        3.295618438558062,
        3.2216416112213335,
        3.1618076379331224,
        3.0935139344423312,
        3.034954248288952,
        2.9728231722424465,
        2.9184314715673634,
        2.8536681852543078,
        2.7921628678147052,
        2.7383163811293194,
        2.6832948924171345,
        2.6305990438849984,
        2.572620803427817,
        2.5358762686580385,
        2.4918827694455765,
        2.4516007459881695,
        2.406664413655362,
        2.367132718078507,
        2.336609539098501,
        2.298684289468541,
        2.2594542863777995,
        2.226912089204703,
        2.1852820379100035,
        2.163234124303243,
        2.1328637910334884,
        2.1007010928237015,
        2.071863345764796,
        2.047242548811138,
        2.0146375653440494,
        1.992346620485159,
        1.9665934417402664,
        1.9366615399076346
      ],
      "train_r2": [
        0.17625255970231768,
        0.6690787749475251,
        0.8448336691181366,
        0.9227105967853844,
        0.9502408945787189,
        0.9647349552317475,
        0.9716161809583334,
        0.9759914481283322,
        0.978690804313066,
        0.9809092349703074,
        0.9829730331517139,
        0.983829420403064,
        0.984961480292178,
        0.9858470061563582,
        0.9865709415535884,
        0.987363158040795,
        0.9881120457762723,
        0.9885765866433347,
        0.9890978553258193,
        0.9896973038141559,
        0.9901305235359439,
        0.9906762805575203,
        0.991210709515396,
        0.9916088093310305,
        0.9919644475274298,
        0.9923839552579058,
        0.9926239803982351,
        0.9929128347108649,
        0.9931588190663547,
        0.9934625003180211,
        0.9937030808505096,
        0.9939721646392824,
        0.9941982164055876,
        0.9944333311894711,
        0.9946351667392389,
        0.9948706282507527,
        0.9950893529213009,
        0.9952769289634388,
        0.9954648251392878,
        0.9956412039916759,
        0.9958312218574539,
        0.9959494560610826,
        0.996088778218479,
        0.9962142082689343,
        0.9963517188337534,
        0.9964705872920894,
        0.9965610210354966,
        0.9966717504352647,
        0.996784382772276,
        0.9968763427458507,
        0.9969920388637811,
        0.9970524289730883,
        0.9971346117775705,
        0.9972203779293954,
        0.9972961696225745,
        0.9973600492378997,
        0.997443468878435,
        0.9974997293456747,
        0.9975639488571406,
        0.9976375387996281
      ],
      "val_rmse": [
        39.17152616493968,
        24.94990711312954,
        17.5330422845712,
        12.673491030326353,
        10.527239844085056,
        9.041453055544991,
        8.291854828940483,
        7.81829043917769,
        7.5060493933936625,
        7.242198537188331,
        6.891121223854077,
        6.811824989147216,
        6.667264429176156,
        6.56978342966148,
        6.476828823823415,
        6.40237036171416,
        6.254702336051389,
        6.139845889965533,
        6.0424148886094216,
        5.944429909173561,
        5.901727949392497,
        5.8242529988398655,
        5.7436590487007235,
        5.699113170408963,
        5.627835273079863,
        5.552551741182037,
        5.513473671446183,
        5.456622910835461,
        5.386391858693187,
        5.332610991254133,
        5.293597956563007,
        5.261063986362458,
        5.196673620632395,
        5.154601939351364,
        5.139169837447415,
        5.087369593510332,
        5.043481805279858,
        5.007934055729624,
        4.979030760279016,
        4.939799896776069,
        4.8969374106412085,
        4.874401569681279,
        4.8320980003079095,
        4.806628753363417,
        4.771989711695682,
        4.7530114380184205,
        4.726810002241217,
        4.704881218326813,
        4.677946382834592,
        4.664774812463031,
        4.634745723585103,
        4.629026716733564,
        4.603516729775364,
        4.582528746794769,
        4.567732565852741,
        4.554573155842094,
        4.534652531781963,
        4.5226173708039,
        4.506831905218923,
        4.501553662830177
      ],