{
  "site_id": 4,
  "timestamp": "20251209_110313",
  "n_features": 58,
  "features": [
    "year",
    "month",
    "day",
    "hour",
    "O3_forecast",
    "NO2_forecast",
    "T_forecast",
    "q_forecast",
    "u_forecast",
    "v_forecast",
    "w_forecast",
    "blh_forecast",
    "NO2_forecast_per_blh",
    "O3_forecast_per_blh",
    "blh_delta_1h",
    "blh_rel_change",
    "sin_hour",
    "cos_hour",
    "wind_speed",
    "wind_dir_deg",
    "wind_sector",
    "SZA_deg",
    "cosSZA",
    "solar_elevation",
    "sunset_flag",
    "solar_declination_deg",
    "hour_angle_deg",
    "solar_time_hr",
    "EoT_min",
    "NO2_target_lag1",
    "NO2_target_lag2",
    "NO2_target_lag3",
    "NO2_target_lag6",
    "NO2_target_lag12",
    "O3_target_lag1",
    "O3_target_lag2",
    "O3_target_lag3",
    "O3_target_lag6",
    "O3_target_lag12",
    "NO2_roll3",
    "NO2_roll6",
    "NO2_roll12",
    "O3_roll3",
    "O3_roll6",
    "O3_roll12",
    "temp_roll3",
    "rh_roll3",
    "ws_roll3",
    "NO2_satellite_filled_smooth",
    "HCHO_satellite_filled_smooth",
    "ratio_satellite_smooth",
    "dayofweek",
    "season",
    "is_weekend",
    "hour_sin",
    "hour_cos",
    "month_sin",
    "month_cos"
  ],
  "O3_metrics": {
    "train_rmse": 1.8907970214612932,
    "train_mae": 1.3826819904584422,
    "train_bias": 0.0014765143571185224,
    "train_r2": 0.9972732234107952,
    "val_rmse": 3.4195175245724942,
    "val_mae": 2.137626279890219,
    "val_bias": 0.14898562624190856,
    "val_r2": 0.9924948737254986,
    "best_iteration": 300,
    "training_history": {
      "iterations": [
        1,
        6,
        11,
        16,
        21,
        26,
        31,
        36,
        41,
        46,
        51,
        56,
        61,
        66,
        71,
        76,
        81,
        86,
        91,
        96,
        101,
        106,
        111,
        116,
        121,
        126,
        131,
        136,
        141,
        146,
        151,
        156,
        161,
        166,
        171,
        176,
        181,
        186,
        191,
        196,
        201,
        206,
        211,
        216,
        221,
        226,
        231,
        236,
        241,
        246,
        251,
        256,
        261,
        266,
        271,
        276,
        281,
        286,
        291,
        296
      ],
      "train_rmse": [
        32.84872655199963,
        20.673194197001084,
        14.094531984455797,
        9.983416772877051,
        7.9542862736865745,
        6.7663480188876415,
        6.096153982431093,
        5.646470547013294,
        5.333358493692451,
        5.0880469740320695,
        4.868542589639642,
        4.738405468812896,
        4.57624804643299,
        4.435628619099723,
        4.333979563062417,
        4.22455442817376,
        4.11254314074785,
        4.002786625183201,
        3.9326676612211933,
        3.8362589686780733,
        3.7739748635027914,
        3.6720530636937507,
        3.5616513311191884,
        3.4878888508269705,
        3.4179357383641498,
        3.343746842764517,
        3.2976188515047937,
        3.240581169688948,
        3.193452080444595,
        3.1286862676065867,
        3.0600347457591694,
        3.0009449246397315,
        2.949532408480256,
        2.898316752974143,
        2.8523302125355174,
        2.79252844635084,
        2.731892085847932,
        2.6667764319275515,
        2.613790674647832,
        2.561615237306501,
        2.510697557646654,
        2.475263073177597,
        2.427103064705357,
        2.39037823017308,
        2.352878361959775,
        2.315428331425095,
        2.2803575653958044,
        2.2418995343165897,
        2.201685050734698,
        2.173662678913652,
        2.1426862262621404,
        2.1169888109480106,
        2.090897489059012,
        2.0639003186882405,
        2.039952921884609,
        2.016251035789355,
        1.9819230753813324,
        1.9608948214010824,
        1.9338461639326219,
        1.9107120900919599
      ],
      "train_r2": [
        0.17700572615749832,
        0.6740320462319158,
        0.8484831067993591,
        0.9239817020964775,
        0.9517427941678066,
        0.9650804691235904,
        0.9716553176539517,
        0.9756827829084627,
        0.9783049182375407,
        0.9802547806792568,
        0.9819216960134812,
        0.9828752523895091,
        0.9840272810261286,
        0.9849938220725908,
        0.9856737193116123,
        0.9863880120058686,
        0.9871002684885268,
        0.9877796226198684,
        0.9882040144574641,
        0.9887752785815835,
        0.989136800779122,
        0.9897156313797746,
        0.9903247422977361,
        0.9907213453385229,
        0.9910897985304309,
        0.9914724059813725,
        0.9917060645301211,
        0.9919904974152476,
        0.9922217742238612,
        0.9925340724759367,
        0.9928581215701965,
        0.9931312803979362,
        0.9933646156743834,
        0.9935930485649284,
        0.9937947491618574,
        0.9940522192729903,
        0.9943077126194383,
        0.9945758342218679,
        0.9947892366956596,
        0.9949951907061889,
        0.9951921762562648,
        0.9953269280954219,
        0.9955070025202096,
        0.9956419421836059,
        0.9957776066459987,
        0.9959109499751846,
        0.9960338819272099,
        0.99616653033244,
        0.9963028240022083,
        0.9963963381247564,
        0.9964983164704618,
        0.9965818047766289,
        0.9966655422430797,
        0.996751093792364,
        0.9968260503907493,
        0.9968993771394503,
        0.9970040585198842,
        0.9970672952886779,
        0.9971476449467048,
        0.9972154806451679
      ],
      "val_rmse": [
        36.40043865991588,
        22.66093348546965,
        15.208151242538483,
        10.58054396891337,
        8.271331231536966,
        7.07752728505124,
        6.4485436126751425,
        6.083760379256744,
        5.868073100909158,
        5.674157420726593,
        5.497230672372663,
        5.355674742431658,
        5.213667823963196,
        5.109617124872293,
        5.035294101117367,
        4.960875267531474,
        4.877543993951438,
        4.818563881439374,
        4.777141292510483,
        4.699806008245448,
        4.650683231379171,
        4.586872113522423,
        4.51514096163172,
        4.47961470354696,
        4.407922420515379,
        4.34640718618577,
        4.316994790291806,
        4.279858551818742,
        4.25287088793557,
        4.204553921088316,
        4.16884568669603,
        4.129087247219941,
        4.097741191775882,
        4.067901322480891,
        4.0493685094892315,
        4.018739762159788,
        3.9740949575126345,
        3.922749973953708,
        3.8879459296323216,
        3.8603952641666313,
        3.8223417157550954,
        3.794327474143487,
        3.756872002132604,
        3.7356492380160757,
        3.705118765190207,
        3.6890063880410024,
        3.6738500584598324,
        3.646142400390637,
        3.633315835952063,
        3.6103415373264602,
        3.5788958369706463,
        3.5650790719405463,
        3.556375528363242,
        3.531825041584412,
        3.516544758308344,
        3.509340596496271,
        3.4814960468091294,
        3.4737547891915086,
        3.4446054654838862,
        3.42807279116962
      ],